ogc_fid,m_per_year,aquifer,broader
1,-0.00818654,Milk River,-
2,-0.01113134,Paskapoo-S,-
47,0.03800469,Espanola B,Middle Rio
54,0.39844125,Estancia B,-
55,0.06270143,Southern S,-
3,0.20023313,North-cent,High Plain
56,0.08839167,Upper Desc,-
4,0.09144,South-cent,High Plain
5,0.0136398,Equus Beds,High Plain
57,-4.0341E-4,Lahontan V,-
113,-0.00282854,Grand Fork,-
6,0.05195455,Great Bend,High Plain
7,0.003556,Northern H,High Plain
8,0.45347444,Central Hi,High Plain
58,-0.00423333,Lolo-Bitte,Lolo-Bitte
1386,-0.05634975,Dakota Aqu,-
9,0.14340103,Southern H,High Plain
10,0.71833086,Confined C,Mississipp
114,0.062875,Osoyoos Aq,Okanagan B
11,-0.05134708,Eastern Mi,Mississipp
12,0.01132114,Central Mi,Mississipp
13,-0.06594818,Western Mi,Mississipp
14,0.00423333,Eastern Ca,Carrizo-Wi
15,0.054339,Central Ca,Carrizo-Wi
16,0.16681786,Western Ca,Carrizo-Wi
17,0.0148075,Denver Bas,-
18,-0.17579125,West Salt,Salt Basin
19,-0.77506286,East Salt,Salt Basin
20,0.07316,Maricopa-S,-
21,-0.00531091,Avra Valle,Tucson Bas
22,-0.32423125,Upper Sant,Tucson Bas
48,0.0405384,San Luis V,Middle Rio
49,0.18702,Roswell Ba,-
23,0.00982133,San Pedro,-
50,0.18525646,Valle de J,Tularosa-H
115,-0.04600583,Oliver Sub,Okanagan B
24,0.34175667,Willcox-Do,-
25,0.044196,Yuma Basin,-
230,-0.249682,Gonzales-N,Gulf Coast
231,0.06673838,Mississipp,Gulf Coast
26,-0.0626364,Ozark Plat,-
27,0.04662412,Salinas Va,-
28,0.011049,Coachella,-
29,-0.017145,Williston,Northern G
51,0.13390867,Tularosa B,Tularosa-H
30,-0.00624107,Powder Riv,Northern G
31,-0.08319235,Black Hill,-
32,-0.05947833,Southern W,Willamette
33,-0.1999615,Central Wi,Willamette
34,-0.020218,Tualatin a,Willamette
35,0.0104267,Palouse Ba,Columbia P
36,0.005325,Yakima Bas,Columbia P
37,0.00101667,Odessa Sub,Columbia P
38,0.01328795,Quincy Sub,Columbia P
39,0.05435556,Northern C,Columbia P
52,0.1037844,Mesilla Va,Rincon-Mes
40,-0.09594817,Spokane Va,Columbia P
41,-0.13201625,Little Spo,Columbia P
42,0.02556438,Blue Mount,Columbia P
53,0.03605934,Rincon Val,Rincon-Mes
43,-0.00544286,Palouse Sl,Columbia P
44,0.07926737,Walla Wall,Columbia P
45,-0.01984751,Umatilla B,Columbia P
46,-0.02489167,Albuquerqu,Middle Rio
59,0.05356316,Mission Va,Flathead V
60,0.11049,Little Bit,Flathead V
116,0.02329171,Okanagan L,Okanagan B
61,0.09970393,Santa Mari,-
62,0.08175157,Lower Sant,Santa Ynez
63,0.24735692,Upper Sant,Santa Ynez
117,-0.02101367,Winfield-W,Okanagan B
118,0.09991665,North Okan,Okanagan B
64,1.4495125,Cuyama Val,-
65,0.44415892,San Antoni,-
66,0.04555947,Beaver Val,-
67,0.53505111,Parowan Va,-
68,0.42242187,Cedar Vall,-
69,0.42225679,Pahvant Va,-
70,0.05551714,Central Se,-
71,0.06787236,Sanpete Va,-
72,0.34458729,Juab Valle,-
73,0.27416019,Milford-Bl,Escalante
74,0.47537893,Beryl-Ente,Escalante
75,0.04193136,Lund Subar,Escalante
76,0.03482788,Rush Valle,-
77,0.18407185,Toole Vall,-
78,0.43470101,Goshen Val,-
119,0.29064857,Southern T,Upper Klam
79,0.03831786,Southern U,-
80,0.05701588,Cedar Vall,-
81,0.16775845,Sevier Des,-
82,0.013208,Ashley Val,Uinta Basi
120,0.08382,Northern T,Upper Klam
121,0.0675131,Lower Klam,Upper Klam
83,-8.3127E-4,Roosevelt,Uinta Basi
122,0.011125,Klamath Ri,Upper Klam
123,0.11087083,Klamath Va,Upper Klam
124,0.02885179,Upper Lost,Upper Klam
84,0.03440424,Western Ui,Uinta Basi
85,0.02658955,Spring Val,-
86,0.07413824,Snake Vall,-
87,0.0236855,Deep Creek,-
88,0.03056467,Lake Valle,-
89,0.034823,Hamlin Val,-
90,-0.00732,Dry Lake V,-
91,-0.0260985,White Rive,-
92,0.04285697,Steptoe Va,-
93,0.19383561,Railroad V,-
94,0.02015556,Coyote Spr,-
125,0.21020995,Butte Vall,Upper Klam
129,0.0079248,Scott Vall,-
95,-0.3062475,Las Vegas,-
96,0.006985,Amargosa D,-
97,0.11125167,Pahrump Va,-
98,-0.01634788,Indian Spr,-
99,-0.0264795,Three Lake,-
100,0.02612571,Churchill,Carson Riv
101,-0.0142875,Dayton Val,Carson Riv
102,0.03665764,Carson Val,Carson Riv
103,-0.02524125,Eagle Vall,Carson Riv
104,-0.02417188,Abbotsford,Puget Soun
105,-0.0528574,South Soun,Puget Soun
126,0.02687053,Sprague Ba,Upper Klam
106,0.021336,Main Basin,Puget Soun
127,0.01289957,Swan Lake,Upper Klam
128,0.02012084,Shasta Val,-
107,-0.00528823,Lower Fras,Puget Soun
108,-0.07065742,Big Chino,-
109,0.51162857,Little Chi,-
110,0.13150472,Lonesome a,-
111,-0.00364471,Santa Rosa,-
112,-0.0383661,Big Bear V,-
130,-0.00651329,Eureka and,-
131,0.0413385,Goleta Bas,-
132,0.05385699,Santa Barb,-
133,0.057912,Montecito,-
134,0.02794,Carpinteri,-
540,1.04618056,Boqueron A,-
135,0.0719334,Santa Clar,-
136,0.06651413,Antelope V,-
137,0.04463304,Mojave Bas,-
138,-0.07077808,San Jacint,-
139,0.02177143,Tijuana-Sa,-
140,0.064009,Smith Vall,-
141,0.06504214,Mason Vall,-
142,0.01021,Lower Walk,-
143,0.078105,Sierra Val,-
144,0.01524,Honey Lake,-
145,-0.055372,Spanish Sp,-
146,0.264871,Grass Vall,-
147,-0.1602232,Buena Vist,-
148,0.0673825,Crescent V,-
149,0.05584825,Diamond Va,-
150,0.11363476,Paradise V,-
151,-0.02010903,Desert Val,-
152,0.41288942,Quinn Rive,-
153,-0.036576,Upper Humb,-
154,0.003048,Ruby Valle,-
155,-0.08959003,Kootenai V,-
156,-0.1193295,Pend Oriel,-
157,0.131445,Pend Oriel,-
158,2.17403667,Mill Creek,-
159,0.02032,Long Valle,-
160,-1.78E-4,Weiser Riv,-
161,0.00762,Payette Va,-
162,0.020385,Scott Vall,-
541,0.86110795,Sinclinal,-
163,0.0316229,Boise Vall,Western Sn
542,0.66491071,Pino and C,-
543,1.60069231,Cingla-Cuc,-
164,0.3754,Mountain H,Western Sn
544,1.684375,Jumilla-Vi,-
545,0.42739286,Western Qu,-
165,-0.031394,Bruneau-Gr,Western Sn
546,2.95109821,Ascoy-Sopl,-
547,0.38427083,Villena-Be,-
166,0.17340155,Central Pl,Central Sn
167,0.02678616,Twin Falls,Central Sn
168,-0.06832592,Marsh Vall,Central Sn
169,0.09931307,Goose Cree,Central Sn
170,0.32620455,Raft River,Central Sn
171,0.02904932,Marsh Cree,Eastern Sn
172,0.02078371,Arbon Vall,Eastern Sn
173,0.00359684,Rockland V,Eastern Sn
174,0.09241865,Eastern Pl,Eastern Sn
175,0.08032722,Little Los,Eastern Sn
176,0.02024714,Big Lost R,Eastern Sn
177,0.15605679,Mud Lake,Eastern Sn
178,0.06196682,Volcanic R,Eastern Sn
179,0.11762658,Teton Vall,-
180,-0.00618417,Camas Prai,-
181,0.015494,Wood River,-
182,-0.034798,Sawtooth V,-
183,0.01896533,Pahsimeroi,-
184,-0.3282696,Round Vall,-
185,0.0318135,Upper Salm,-
186,0.0439674,Lemhi Vall,-
187,-0.00914333,Garden Val,-
188,-0.0124206,Napa Valle,-
189,0.01143,Santa Clar,-
190,0.02974686,Surprise V,-
191,0.02819417,Salt Lake,-
192,0.213487,Utah Lake,-
193,-0.00228608,Ogden Vall,-
194,0.0586775,East Shore,-
195,0.02302933,Bear River,-
196,0.003048,Cache Vall,-
197,-0.01784587,Malad Vall,-
198,-0.026289,Bear Lake,-
199,-0.06027083,Gem Valley,-
200,0.05546615,Curlew Val,-
201,-0.00941908,Heber Vall,-
202,-0.026822,Mimbres Ba,-
203,0.159144,Uvas Valle,-
204,0.0151535,Wet Mounta,-
205,-6.604E-4,Upper Arka,-
206,-0.005461,Uncompahgr,-
207,-0.1038606,Blue River,-
208,-0.0237744,South Plat,-
209,0.0,Lower Arka,-
210,0.00948267,Lower Arka,-
211,0.01659467,Fountain C,-
548,0.72475,Orcheta Re,-
212,0.00905921,Wind River,Wind River
213,0.10898757,Jackson Ho,-
214,-0.0340609,Laramie Ba,-
215,0.01524,Bighorn Ba,-
549,0.13983333,Cuchillos-,-
216,0.0105664,Middle Yel,-
217,0.0035052,Gallatin V,-
218,-0.01327142,Helena Val,-
219,0.01174767,Upper Beav,-
220,-0.010402,Madison Aq,-
221,0.36677611,Gila Valle,-
550,-0.58464286,Sinclinal,-
222,0.130454,San Simon,-
551,-0.17980249,Campo de D,-
223,0.06591125,Animas Val,-
224,0.23821571,Playas Val,-
225,-0.62262983,Lordsburg,-
226,-0.1211575,Houston-Ga,Gulf Coast
227,0.02485476,Victoria A,Gulf Coast
228,0.0371856,Rio Grande,Gulf Coast
229,-0.04203708,Lafayette,Gulf Coast
232,-0.01780561,Southern H,Gulf Coast
233,-0.08607866,Catahoula,Gulf Coast
234,0.0255016,Alabama Co,Gulf Coast
552,0.56053752,Eastern Qu,-
235,-0.02452236,Dougherty,Floridan A
236,-0.01665514,Tifton Upl,Floridan A
237,-0.05693229,Apalachico,Floridan A
553,1.4321875,Sierra de,-
582,-0.10682005,Central Gu,Guadalquiv
238,-0.01534886,Ocala Upli,Floridan A
1240,-0.028,Jhonggang,Hsinchu-Mi
239,-0.003556,Southweste,Floridan A
240,-0.03461657,Central La,Floridan A
1568,0.05242857,Forez Plai,-
241,-0.0146685,Eastern Fl,Floridan A
583,-0.089625,Upper Guad,Guadalquiv
242,-0.01524,Eastern Fl,Floridan A
243,0.084125,Vidalia Up,Floridan A
244,-0.04998687,Bacon Terr,Floridan A
245,-0.05323143,Okefenokee,Floridan A
246,0.03144483,Upper Coas,Floridan A
584,0.02123798,Mioplioqua,-
247,-0.00948267,Lower Coas,Floridan A
248,-0.07032138,Sea Island,Floridan A
249,-0.01105477,Intermedia,Floridan A
250,0.0034798,Castle Hay,-
251,-0.0029845,Peedee and,-
554,-0.00807292,Sierra Gro,-
252,-0.00250371,Stockton P,Edwards-Tr
585,0.01972222,Don Bonito,-
253,0.02273275,Edwards Pl,Edwards-Tr
1569,0.68515625,Cuberta de,-
254,0.14201284,Balcones F,Edwards-Tr
255,0.1684,Hill Count,Edwards-Tr
256,0.04724126,Trinity Aq,Edwards-Tr
257,0.0108185,Pecos Vall,-
555,-0.014,Gandia-Den,-
258,0.08420574,Seymour-Bl,-
259,0.07780917,Garber-Wel,-
260,-0.03097344,Arbuckle-S,-
261,0.09177867,Tillman Te,-
262,-0.11084861,Vamoosa Ad,-
263,0.033909,Cimarron B,-
264,0.23198667,Enid Isola,-
265,0.06781767,Antlers Aq,-
266,0.02155338,Rush Sprin,-
267,0.060071,Elk City A,-
268,0.06798722,Canadian R,-
715,0.38628571,Damghan Se,-
269,0.13006251,Red River,-
556,0.03666667,Valencia P,-
270,-0.00446321,Pearl and,-
271,-0.0013208,Biscayne A,-
272,0.00697653,Connecticu,-
557,0.18,Castellon,-
558,0.04902778,Vinaroz Pl,-
273,-0.0585475,Southern P,Piedmont P
274,-0.02252133,Southcentr,Piedmont P
275,-0.01947333,Central Pi,Piedmont P
276,-0.00147573,Northcentr,Piedmont P
277,-0.004572,Northern P,Piedmont P
559,-0.041875,La Plana d,-
278,-0.053645,New Jersey,North Atla
560,0.014875,Ebro Delta,-
279,-0.0061361,Delmarva P,North Atla
280,0.07528525,Maryland W,North Atla
281,-0.00942109,North Caro,North Atla
282,-0.001524,Long Islan,-
283,-0.016637,Moulton Va,Interior L
284,-0.0279722,Southern H,Interior L
285,-0.09017,Eastern Hi,Interior L
286,-0.10211,Eastern Pe,Interior L
287,0.01513833,Mitchell P,Interior L
288,-0.039245,Shawnee Hi,Interior L
289,0.02247875,Western Ou,Interior L
290,0.00234462,Crawford U,Interior L
291,-0.06984958,Norman Upl,Interior L
292,0.00846667,Muscatatuc,-
293,-0.003302,Newcastle,Central Lo
294,-0.00152406,Bluffton T,Central Lo
295,-0.01148037,Columbus L,Central Lo
296,-0.0119888,Bellefonta,Central Lo
297,-0.02685143,Galion Gla,Central Lo
298,-0.025146,Illinoian,Central Lo
299,-0.01000125,Tipton Til,Central Lo
300,-0.0025146,Mount Vern,Central Lo
301,-0.00473612,Springfiel,Central Lo
302,-0.007366,Central Wa,Central Lo
303,0.01088571,Iroquois T,Central Lo
561,0.55337121,Pliocuater,-
304,-0.015621,Michigan B,-
305,-0.02154646,Silurian-D,-
306,-0.02439,Wisconsin,-
307,-0.02443163,Western Ka,-
308,-0.00907143,Eastern Ka,-
309,-0.02240927,Eastern Si,Northern M
310,-0.009906,Western Ca,Northern M
311,-0.03352778,Eastern Ca,Northern M
312,-0.0597535,Northern C,Northern M
313,0.003048,Upper Carb,Northern M
314,0.0295275,Mississipp,Northern M
315,0.01670685,Upper Peni,Northern M
316,-0.02154767,Northeast,Northern M
716,0.5744958,Shahroud P,-
317,0.00598714,Central Cu,Appalachia
318,-0.03506795,Southern C,Appalachia
717,0.22936384,Bastam Pla,-
319,-0.03048,Northern C,Appalachia
562,-0.11964286,Somontano,-
320,-0.0277495,Southweste,Appalachia
321,-0.01897982,Western Al,Appalachia
563,0.29423077,Campo de B,-
322,-0.0020955,Southeaste,Appalachia
323,-0.0183642,Central Al,Appalachia
324,-0.01524,Northern A,Appalachia
325,-0.051054,Southern V,Valley and
564,0.015,Campo de C,-
326,-0.108965,Southcentr,Valley and
327,-0.03833579,Northcentr,Valley and
328,0.02819167,Northern V,Valley and
329,0.00773077,Southern S,St. Lawren
330,0.0025,Northern S,St. Lawren
331,-0.01485893,Cape Cod A,-
332,0.002667,Plymouth-C,-
333,0.012192,Northern S,-
334,-0.00682869,Central Mi,-
335,0.0149536,Sardis-Ved,-
336,0.07856037,Eastern Da,-
337,-0.00544286,Dakota Aqu,-
338,0.05842,Great Plai,-
339,0.02369775,Lake Mohav,-
340,0.02087917,Detrital V,-
341,0.02886667,Hualapai V,-
342,-0.0468125,Big Sandy,-
343,0.41710429,Ranegras P,-
344,-0.00777225,Lower Gila,-
345,1.20709455,Gila Bend,-
346,0.03237362,Western C,The C Aqui
347,0.042672,Eastern C,The C Aqui
348,0.00439057,Western Ch,-
349,-3.81E-4,Eastern Ch,-
350,-0.015875,Coastal Ma,-
351,-0.00249382,New Hampsh,-
352,-0.006731,Upper Amer,Sierra Nev
353,0.0131445,Upper Butt,Sierra Nev
354,-0.28335514,Upper Feat,Sierra Nev
355,0.01133475,Upper Yuba,Sierra Nev
356,-0.0112395,Upper Bear,Sierra Nev
357,-0.03115733,Upper Cosu,Sierra Nev
358,-0.01016,Upper Moke,Sierra Nev
359,-0.04581525,Upper Cala,Sierra Nev
360,-0.0287655,Upper Stan,Sierra Nev
361,0.00261257,Upper Tuol,Sierra Nev
362,-0.064643,Upper Merc,Sierra Nev
363,-0.04909185,Upper Fres,Sierra Nev
364,-0.06293062,Upper Chow,Sierra Nev
365,-0.00957943,Upper Dry,Sierra Nev
366,-0.286512,Upper Kawe,Sierra Nev
367,-0.01336431,Upper Tule,Sierra Nev
368,-0.00433754,Upper Poso,Sierra Nev
369,-0.03060194,Saanich Pe,-
370,-0.02042235,Nanaimo Lo,-
371,0.02608679,Lower Atha,Lower Atha
372,-0.05324692,Cold Lake-,-
373,-0.1791594,Dalmeny Aq,-
374,-0.033229,Cypress-Ea,Bearpaw-Ju
375,0.01524,Transbound,Bearpaw-Ju
376,0.02310424,Great Sand,Bearpaw-Ju
377,0.032,Tyner Vall,Bearpaw-Ju
565,0.01178571,Ebro Alluv,-
378,-0.03162713,Ribstone C,Bearpaw-Ju
379,-0.06739248,Northeaste,Bearpaw-Ju
380,-0.05315379,Meacham Aq,-
381,-0.03683097,Hatfield V,-
382,-0.01403571,Assiniboin,-
383,-0.03796212,Riding Mou,-
384,-0.03154762,Southern O,-
385,-0.00522,Transbound,-
566,0.03604365,Cubeta de,-
386,-0.05133929,Dauphin La,Manitoba C
387,-0.03055556,Interlake,Manitoba C
567,0.00142094,Huerva-Per,-
388,-0.03011111,Interlake,Manitoba C
389,0.00260119,Carman San,Manitoba C
390,-0.01083916,Southern C,Manitoba C
391,-0.00666667,Sandlands,-
392,0.04985577,Winkler Al,-
393,-0.0155,Silurian a,Southern O
394,0.02377778,Essex Clay,Southern O
568,0.10571429,Requena-Ut,-
395,-0.02,Niagara Pe,Southern O
718,0.02901042,Kavir Haj,-
396,-0.02641667,Devonian a,Southern O
397,0.393125,Aguascalie,-
398,-0.16333333,Comarca La,-
399,-0.03055556,Napanee Li,-
569,0.43308036,Serranias,-
400,0.01342857,New Brunsw,Maritimes
401,0.04227917,Cumberland,Maritimes
402,-9.9755E-4,Saint Mary,Maritimes
403,-0.001175,Stellarton,Maritimes
404,0.00832252,Antigonish,Maritimes
405,0.02258555,Central Ca,Maritimes
406,-0.01093024,Sydney Mar,Maritimes
407,-0.02506233,Western Ca,Maritimes
570,-0.04754968,Baza Basin,-
408,-0.00183333,Western Pr,Prince Edw
409,-0.03265909,Central Pr,Prince Edw
410,-0.01817781,Eastern Pr,Prince Edw
411,0.94,Ojos Negro,-
412,0.0117346,Mexicali V,-
571,0.39444444,Campos de,-
413,0.09573485,La Paz Coa,La Paz Bas
414,-0.033125,Upper La P,La Paz Bas
415,0.00416667,Viscaino A,-
416,0.19652778,Santo Domi,-
417,0.35666667,San Jose d,-
418,0.115625,Santiago C,-
419,-0.07666667,Mulege Aqu,-
420,-0.2875,Costa de H,-
421,0.08796266,El Sahuara,-
422,0.30410256,Rio Zanjon,-
423,0.09643939,Guaymas Va,-
424,-0.09247596,Yaqui Vall,-
425,0.6925,Coastal Ca,Caborca Aq
426,0.31105952,Central Ca,Caborca Aq
427,0.15982143,Southern Z,Gulf Coast
428,2.3322619,Monterrey,-
429,0.53875028,Valle de C,-
430,0.1578125,El Llano B,-
431,0.18166667,Mazapil an,-
432,1.0103125,Calera Aqu,-
433,0.08728632,Tepalcingo,-
434,0.01428571,Cuernavaca,-
435,0.02583333,Cuautla-Ya,-
436,-0.17,Tlacolula,Central Va
437,0.03541667,Zaachila V,Central Va
438,-0.05000758,Etla Valle,Central Va
439,-0.01619048,Tehuantepe,-
440,0.11527273,Ostuta Aqu,-
441,-0.0315,Actopan Aq,Coastal Pl
442,-0.03958333,Orizaba Ba,Orizaba-Co
443,0.0235,Cordoba Ba,Orizaba-Co
444,-0.0425,Los Naranj,Coastal Pl
572,0.18,Almanzora,-
573,-1.99125,Ganuelas-M,-
445,0.05746429,Papaloapan,Coastal Pl
446,-0.01434343,Coatzacoal,Coastal Pl
447,-5.303E-4,Chicxulub,Yucatan Pe
448,-0.0195,Holbox Fra,Yucatan Pe
449,-0.01333333,Pockmarked,Yucatan Pe
450,-0.04576923,Northern P,Yucatan Pe
451,0.01675,Western Ka,Yucatan Pe
452,-0.01464394,Rio Mocori,-
453,0.03118056,Rio Sinalo,-
454,-0.01443429,Rio Fuerte,-
455,-0.01069444,Upper Rio,-
456,0.06646528,Pampa del,-
457,2.5568E-4,Lower Copi,Copiapo Va
574,0.17083333,Aguilas Ba,-
458,2.03890152,Middle Cop,Copiapo Va
459,2.46762897,Upper Copi,Copiapo Va
575,-0.11375,Rio Verde,-
576,-0.18625,Motril-Sal,-
460,0.37641667,Upper Rio,Elqui Rive
577,-0.0309375,Velez Aqui,-
461,0.14670833,Lower Rio,Elqui Rive
462,0.035,La Yarada,-
463,0.00178571,Calama Bas,-
464,0.1535,Agua Verde,-
465,0.08361111,Limari Bas,-
466,0.23025,Azapa Aqui,-
467,0.54363636,Southern S,Santiago B
468,0.62727273,Central Sa,Santiago B
469,0.50869792,Northern S,Santiago B
470,1.33394231,Chacabuco-,-
471,0.33409091,Lower La L,La Ligua A
578,0.0405625,Bajo Guada,-
472,0.98494792,Upper La L,La Ligua A
473,0.90197802,Upper Acon,Aconcagua
474,0.02233173,Middle Aco,Aconcagua
475,0.10208333,Lower Acon,Aconcagua
476,0.10833333,Northern A,Aconcagua
477,0.03324405,Lower Rio,Rio Huasco
478,0.1,Lower Rio,Rio Petorc
479,0.19532692,Upper Rio,Rio Petorc
480,0.46803571,Lo Orozco,-
481,0.7845,Lo Ovalle,-
719,0.86833333,Miami Basi,-
482,0.76873611,La Vinilla,-
483,0.12414683,Limache Aq,-
484,0.575,Codegua an,-
485,0.03041667,Donihue-Co,-
486,0.78027778,Popeto Aqu,-
487,0.3828125,Cholqui Aq,-
488,0.1159375,Puangue Aq,-
489,0.17,Cadenas Ma,-
490,-0.09590909,Tinguiriri,Tinguiriri
491,-0.08590909,Tinguiriri,Tinguiriri
492,0.00166667,Chimbarong,Chilean Ce
493,0.00785714,Peumo-Pich,-
494,0.19533333,Central Ur,Urucuia Aq
720,0.31854167,Biyarjoman,-
495,-0.18142857,Southweste,Guarani Aq
496,-0.28630952,Central Pa,Guarani Aq
497,-0.00364286,Northern G,Guarani Aq
498,-0.19,Amazonas B,Amazon Aqu
499,0.17416667,Eastern Po,Parnaiba B
721,0.28954044,Chahak Mus,-
500,0.02375,Western Pa,Parecis Ba
501,0.12071429,Eastern Pa,Parecis Ba
502,-0.02374958,Aguadilla-,Puerto Ric
503,-0.02243667,Arecibo-Ma,Puerto Ric
504,0.02844808,Puerto Ric,-
505,0.009144,Lajas Vall,-
506,-0.02941667,Culiacan C,-
507,0.06325,Southern M,-
508,0.00145833,Lannemezan,Aquitaine
509,0.01569444,Landes Pla,Aquitaine
510,0.0095,Northern A,Aquitaine
511,0.00183929,Southweste,Aquitaine
512,0.02175,Central Pa,Paris Basi
513,0.005,Eastern Pa,Paris Basi
514,0.01672321,Western Pa,Paris Basi
515,0.03313368,Northern P,Paris Basi
516,0.01182692,Southern P,Paris Basi
517,0.00505208,Western Ar,Armorican
518,-0.00958333,Eastern Ar,Armorican
722,0.56708333,Sedeh Basi,-
519,0.01,Alsatian A,-
520,-0.001,Allier Bas,-
521,0.00225,Camargue P,-
522,0.001875,Crau Plain,-
523,-0.01480952,Narbonne B,-
524,-0.03845192,Thau Lagoo,-
579,0.03667411,Marbella-E,-
525,0.0,Southern D,Duero Basi
580,0.01818182,Almonte-Ma,Guadalquiv
526,-0.03568182,Eastern Du,Duero Basi
581,-0.01852381,Seville-Ca,Guadalquiv
527,-0.03583333,Northern D,Duero Basi
528,-0.142,Madrid-Tal,-
529,0.0313125,Moor Limes,-
530,0.00242857,Cretaceous,-
531,-0.9183125,Mancha Occ,Upper Guad
532,-0.04563492,Campo De M,Upper Guad
533,-0.27,Sierra de,Upper Guad
534,-0.28404762,Mancha Ori,-
535,-0.01541667,Campo de C,-
536,-0.13983333,Vega Baja,-
537,-0.04525,Guadalenti,-
538,1.804,Aledo Aqui,-
539,1.83808333,Sierra Esp,-
586,-0.00535714,Ranas Orbi,-
723,0.345,Mokhtaran,-
587,1.103125,Northern L,North Chin
724,0.2075,Sarbisheh,-
725,0.16,Southern S,-
726,0.11391667,Sahlabad B,-
588,0.11318182,Central Li,North Chin
589,0.05723214,Northeaste,North Chin
590,0.24670833,Northern P,North Chin
591,0.74779762,Northcentr,North Chin
592,0.42,Southern P,North Chin
593,-0.07363636,Southcentr,North Chin
727,0.21516667,Nehbandan,-
1128,-0.03597222,Bundaberg,-
594,0.05181818,Yellow Riv,North Chin
595,0.22869318,Central Al,North Chin
596,0.01727273,Yinchuan P,-
597,-0.02090909,Northern N,Songnen Pl
728,0.056,Ramhormoz,-
598,0.035,Wuyuer-Shu,Songnen Pl
599,0.6425,Western Se,Songnen Pl
600,0.05556818,Eastern Se,Songnen Pl
601,0.04,Southern N,Songnen Pl
602,0.37545455,Western Li,Liaohe Riv
603,-0.00454545,Lower Liao,Liaohe Riv
604,1.04590909,Northern L,Laoha Rive
605,-0.06363636,Laizhou Co,-
729,0.13833333,Myghan Bas,-
606,0.00727273,Jiangsu Co,Huaihe Riv
730,0.0325,Bandan Bas,-
607,0.07090909,Eastern Hu,Huaihe Riv
731,0.5584375,Hashtgerd,-
608,-0.24090909,Southern H,Huaihe Riv
732,0.27222222,Northern H,-
609,0.3275,Western Hu,Huaihe Riv
610,0.17,Central Hu,Huaihe Riv
611,0.08727273,Hetao Basi,-
612,0.45363636,Hohhot Bas,-
613,0.03863636,Baotao Pla,-
614,-0.64272727,Baoju Upli,Weihe Basi
733,0.095625,Southern H,-
734,-0.08569444,Uraba Aqui,-
615,-0.06590909,Gushi Depr,Weihe Basi
616,0.03909091,Xian Depre,Weihe Basi
617,2.48909091,Yuncheng B,-
618,0.38909091,Linfen Bas,-
619,-2.58125,Taiyuan Ba,-
620,0.05545455,Datong Bas,-
621,1.59454545,Jining Are,-
622,-1.286875,Minqin Bas,Shiyang Ba
623,0.37625,Wuwei Basi,Shiyang Ba
735,0.22691468,Dastgerdan,-
624,0.05454545,Zhangye Ba,Heihe Basi
625,0.2875,Shandan Ba,Heihe Basi
736,0.11166667,Tabas Basi,-
626,0.27590909,Nanyang Ba,-
737,0.0385,Halvan Bas,-
1129,-0.0671875,Broome-Wal,-
1130,0.02835714,Canning Ba,-
627,-0.26909091,Jianghan P,-
628,0.05863636,Chengdu Pl,-
629,-0.28727273,Yangtze De,-
630,0.55545455,Shihezi Ar,-
631,0.63363636,Kongque Pi,-
632,0.17975,Jahrom Bas,-
633,1.3,Eastern Sa,Ram-Saq Aq
634,0.2225,Wadi As-Si,-
635,0.21825397,Southcentr,Mega Aquif
636,0.20384615,Northcentr,Mega Aquif
637,-0.026,Northern M,Mega Aquif
638,0.72229167,Sib-Souran,-
639,0.67350774,Darab Basi,-
640,0.71473849,Jiroft Pla,-
641,0.4725,Bam and Ra,-
642,0.595,Sirjan Bas,-
643,0.315,Rodan Basi,-
644,0.53035985,Rafsanjan,-
645,0.64892857,Upper Mash,Mashad-Nar
738,0.01104167,Nahavand P,-
646,0.4196875,Central Ma,Mashad-Nar
647,1.46,Narimani B,Mashad-Nar
739,0.4075,Gulgir Pla,-
648,0.8825,Western To,Torbat-Zav
649,1.01571429,Eastern To,Torbat-Zav
650,2.6202036,Rashtkhar,-
651,1.01747396,Southern N,Neyshabur
652,0.3822123,Western Ne,Neyshabur
740,0.55358333,Bahabad Pl,-
653,1.31215476,Eastern Ne,Neyshabur
654,0.09171875,Bojnourd P,-
741,0.56704167,Bahadoran,-
655,0.395625,Quchan Pla,Shirvan-Qu
656,0.48546875,Shirvan Pl,Shirvan-Qu
742,0.44038194,Yazd-Ardak,-
657,0.89522727,Jovin Plai,-
743,0.08064583,Kavir Dara,-
658,0.97369277,Northern Q,Qazvin Pla
659,1.7434375,Western Qa,Qazvin Pla
744,0.01,Nayband Ba,-
745,0.09,Nosrat Aba,-
660,1.6416369,Southern Q,Qazvin Pla
661,1.2125,Aliabad Pl,-
662,1.06,Kashmar-Ba,-
663,0.32958333,Sabzevar P,-
664,0.27110101,Ataiyah Ba,-
665,0.965,Azghand Ba,-
666,0.91322917,Feyzabad P,-
667,0.375,Sefid-Dash,-
668,0.48354167,Kashan Pla,-
669,0.66300366,Bad-Khaled,-
670,0.49769231,Ardestand,-
671,0.0241875,Dagh-e-Sor,-
672,0.20748397,Bazman Bas,Jazmurian
673,0.30990385,Iranshahr,Jazmurian
674,0.32071429,Dalgan Bas,Jazmurian
675,0.14229167,Southeaste,Jazmurian
676,0.34536765,Southweste,Jazmurian
677,0.59225,Rodbar Jir,Jazmurian
746,0.42555556,Hesaruiyeh,-
678,0.53116987,Esfarayen,-
679,0.36,Jajarm Pla,-
680,0.1975,Shoqan Pla,-
1387,0.301604,Bone Sprin,-
681,0.15116667,Semelghan,-
682,0.34,Bajestan B,-
683,0.08863636,Kavir Nama,-
684,0.25309232,Ferdows Pl,-
685,0.59831994,Sarayan Pl,-
686,0.126125,Qaen Aquif,-
687,0.52458333,Galehdar P,-
688,0.50583333,Lamerd Pla,-
1388,0.23130889,Crow Flats,-
689,0.64672596,Kadkan Bas,-
690,0.08274439,Gonabad Pl,-
691,0.2721875,Bimorgh Ba,-
692,0.24616845,Khezri Pla,-
693,0.40833333,Minab Plai,-
694,0.0725,Behbahan P,-
695,0.13303846,Miandarban,-
696,0.41829167,Birjand Aq,-
697,0.72708333,Jangal Pla,-
698,0.0125,Ghorghi Zi,-
699,0.455,Khash Aqui,-
700,0.03115972,Malekan Aq,Miandoab P
701,0.04916667,Southern M,Miandoab P
702,0.06607143,Maragheh-B,-
703,0.04565972,Mahabad Pl,-
704,0.2678125,Kahria Aqu,-
1389,0.040386,Imperial V,-
705,0.09957887,Urmia Aqui,-
1390,0.49505764,Upper Borr,-
706,0.09902778,Tabriz Pla,-
707,0.23083333,Soufian-Sh,-
708,0.37504762,Marand Pla,-
709,0.0,Astanea-Ko,-
710,0.00991667,Amol-Ghaem,-
711,0.56975,Shiraz Pla,-
712,0.031,Behshar Ba,-
713,0.00985294,Sari-Neka,-
714,0.04675974,Gharesoo-G,-
747,0.92285714,Dumak Basi,-
748,0.3325,Korin Basi,-
749,0.579,Ghoharkoh,-
750,0.01772727,Saravan Ba,-
751,0.012,Zaboli Aqu,-
752,-0.26,Pir-e-Sohr,-
753,0.01625,Sadich Bas,-
754,0.13416667,Koriyan Ba,-
755,0.12730769,Sirik Basi,-
756,0.78015909,Jaghin-Tok,-
757,1.0334375,Manujan Ba,-
758,1.39658144,Nodej Basi,-
759,0.37257143,Isin Basin,-
760,0.099,Dezghan Ba,-
761,0.18153846,Bandar Len,-
762,0.47729798,Kahorestan,-
763,0.16285714,Northern S,Sarkhoon A
764,0.025,Southern S,Sarkhoon A
765,0.39512897,Shamil Aqu,-
766,-0.13,Kunming Ur,-
767,0.3325,Bardsir Pl,-
768,0.82666667,Rayen Aqui,-
769,0.758375,Kerman-Bag,-
770,1.19159091,Zarand Bas,-
771,0.40598958,Ravar Basi,-
772,0.29687063,Siriz Basi,-
773,0.108,Shahdad Ba,-
774,0.27,Shahr-Baba,-
775,0.56225,Bosrouyeh,-
776,1.34737825,Faryab Bas,-
777,2.3521369,Kordi Shir,-
778,1.96756944,Soghan Bas,-
779,0.72508333,Esfandaghe,-
780,0.85608929,Northern S,-
781,2.21625,Southern S,-
782,0.18,Ahmadi Bas,-
783,0.92544444,Eastern Re,-
784,0.17390756,Western Re,-
785,1.01958333,Dashtab Ba,-
786,0.3535,Northern D,-
787,0.25680556,Southern D,-
788,-0.03833333,Fedami Bas,-
789,0.29666667,Tashkoyeh,-
790,0.972,Sahre e- B,-
791,0.17,Gerash Bas,-
792,0.11857143,Dehkyueh B,-
793,0.60833333,Eastern Gh,-
794,0.1917197,Mobarakiye,Tehran Pla
795,1.71433333,Eyvanekey,Tehran Pla
796,0.2709375,Varamin Aq,Tehran Pla
797,0.20569444,Tehran-Kar,Tehran Pla
798,0.13,Eshtehard,-
799,0.69533333,Zaran -e S,-
800,0.94454545,Qom Kahak,-
801,0.66733333,Sharif Aba,-
802,0.56541667,Garmsar Ba,-
803,1.418625,Homand Bas,-
804,0.39049786,Semnan and,-
805,-0.00381944,Rudsar Coa,-
806,0.04222527,Khor-Fakhr,-
807,0.00234375,Bayazeh Ba,-
808,-0.005,Kavir Alla,-
809,0.009375,Naein Basi,-
810,0.09428571,Aqda Basin,-
811,-0.01066239,Anarak Bas,-
812,0.0425,Kavir -e S,-
813,-0.00722222,Dagh -e Ta,-
814,0.50791667,Eastern Kh,-
815,0.14772727,Ladiz Basi,-
816,0.0,Ahar-Varze,-
817,0.1903125,Bostanabad,-
818,0.20022727,Kordkandi-,-
819,0.12595455,Sarab Plai,-
820,0.12125,Naqadeh Pl,-
821,0.10783333,Bukan Basi,-
1013,0.03333333,Northeaste,Deccan Pla
822,0.0825,Shahindej,-
823,0.26590909,Rashakan B,-
824,0.95439394,Zanjan Pla,-
825,1.42210714,Abhar Plai,-
826,0.43884615,Eastern So,Sojas Basi
827,0.63791667,Upper Qeyd,Qeydar Bas
828,0.23346154,Lower Qeyd,Qeydar Bas
829,0.50627841,Eastern Go,-
1131,0.03163636,Eastern Pi,Pilbara Cr
830,0.2721875,Hamedan-Ba,-
831,0.12085049,Northern R,Razan Basi
832,0.77725,Central Ra,Razan Basi
833,0.13978992,Southern R,Razan Basi
834,0.12076923,Blok -e Sh,Razan Basi
835,0.85855769,Komijan Aq,Razan Basi
836,0.83576389,Lower Kabo,Razan Basi
837,0.16,Upper Kabo,Razan Basi
838,1.39431818,Lower Nowb,-
839,0.1275974,Upper Nowb,-
840,0.95964286,Ghorveh-De,-
841,0.27730769,Southeaste,-
842,0.5,Malayer Aq,-
843,0.40535619,Arak Plain,-
844,0.60535714,Asadabad P,-
845,0.60048363,Kangavar A,-
846,0.218125,Tuyserkan,-
847,0.00946429,Aleshtar P,-
848,0.02633333,Norabad Ba,-
849,0.165,Azna-Aligu,-
850,0.30096154,Shazand Pl,-
851,0.19470833,Robat-Khor,-
852,0.87125,Harasm Bas,-
853,-9.9519E-4,Halilan Ba,-
854,-0.83633668,Abbas -e S,-
855,0.04752841,Gotvand Ba,Dezful-And
856,-0.02428595,MiyanAb Sh,Dezful-And
857,0.0025,Central De,Dezful-And
858,-0.01059524,Shush Plai,Dezful-And
859,0.295,Northern D,Dezful-And
860,-0.01571429,Southern D,Dezful-And
861,-0.31618056,Evan Plain,Dezful-And
862,0.98583333,Golpayegan,-
863,0.5125,Khomein Ba,-
864,0.07681548,Muteh Basi,-
865,0.64178571,Malahat Ba,-
866,0.25625,Meymeh Pla,-
867,0.158,Lenjanat B,-
868,0.28108631,Korron Bas,-
869,0.2925,Koohpayeh,Lower Zaya
870,0.0740625,Esfandaran,Lower Zaya
871,0.37798611,Esfahan Ba,Lower Zaya
872,0.57839286,Murchehkho,Lower Zaya
873,0.65186355,Mohammad A,Lower Zaya
874,0.59378869,Western Za,-
875,0.23666667,Shahreza P,-
876,0.547,Abarkooh P,-
877,0.199375,Western De,-
878,0.13583333,Eastern De,-
1391,-0.17435563,Lower Borr,-
879,0.7259881,Kavir -e A,-
880,0.10769231,Kafehtaghe,-
881,0.56208333,Marvast Ba,-
882,0.45076923,Harat Basi,-
883,0.59875,Chahak -e,-
884,0.01125,Hassanabad,-
892,0.20316071,Boein-Mian,-
885,0.20876786,Bavanat Ba,-
886,0.46973958,Sarchahan,-
887,0.44166667,Eastern Qa,-
888,1.264375,Southweste,-
889,0.68681818,Saadat Aba,-
890,0.78323718,Chadegan P,-
891,0.37427778,Chehelkhan,-
1132,0.026,Western Pi,Pilbara Cr
893,1.10203571,Damanehdar,-
894,0.8798125,Shahrekord,-
895,0.41366071,Boroujen A,-
1241,-0.0275,Toucian-Fo,Hsinchu-Mi
896,0.03736111,Borujerd -,-
897,0.00464286,Sahneh-Bis,-
898,0.01458333,Mianrahan,-
899,-0.09102564,Kamyaran P,-
900,0.04009518,Kermanshah,-
901,0.5059375,Mahidasht,-
902,0.32477273,Ravansar P,-
903,1.50544697,Khanmirza,-
904,1.46875,Kuhdasht P,-
905,0.15426768,Jayezan Ba,-
906,0.00270933,Tokio-Wood,-
907,1.23402778,Baghmalek,-
908,0.87222222,Upper Morg,-
1392,0.00123858,Southern O,-
909,0.48071429,Izeh Plain,-
1393,0.01293091,Bishop Bas,-
910,0.61836538,Kalacho Pl,-
911,1.19158654,Imamzadeh,-
912,0.21425,Mehrgerd S,-
913,0.85071429,Qabr-e Kik,-
1394,0.10763063,Chaleant V,-
914,0.32825,Mal-Khalif,-
1395,-0.03876549,Round Vall,-
915,0.18861111,Borazjan A,-
1396,0.02472222,Dale Valle,-
916,0.015,Bandar Gan,-
1397,0.7362075,Eastern Im,-
1398,-0.25208706,Irwin Basi,-
917,0.96690625,Nurabad Ma,-
1399,0.06096,La Posa Pl,-
918,0.9738125,Fahliyan B,-
919,0.3215,Dasht-e Ro,-
920,0.41291667,Basht Basi,-
921,-0.281875,Yasuj Basi,-
922,0.045,Khormoj Ba,-
923,0.03986458,Mond Basin,-
924,0.21948864,Abdan-Daye,-
925,0.49160714,Jam Basin,-
926,0.7450974,Riz Basin,-
927,0.14,Darolmizan,-
928,1.59221291,Hengam Bas,-
929,0.21389015,Dehrom Bas,-
930,0.117,Allah Marv,-
931,0.945,Dasht e- N,-
1400,0.101043,Searles Va,-
932,0.9225,Sadegh Aba,-
933,0.45638462,Abadeh Egh,-
934,0.532,Aspas Plai,-
935,0.62482143,Kamfruz Al,-
936,0.40978571,Beyza-Zarg,-
937,1.81653846,Bekan Basi,-
938,0.79605556,Marvdasht,-
939,0.8,Dariyan Ba,-
940,2.8184375,Arsanjan B,-
941,0.6125,Tavabeh Ar,-
942,1.57111111,Seyedan-Fa,-
943,0.85410714,Kazeroun P,-
944,1.728,Beram Basi,-
945,0.38928571,Daryache P,-
946,1.518,Dehrood -e,-
947,0.46944444,Khesht Pla,-
948,0.68,Firuzabad,-
949,0.463,Farashband,-
950,0.46866987,Darenjan B,-
951,0.5318125,Sikh Daren,-
952,0.26354167,Sarvestan,-
953,0.435,Goshnekan,-
954,0.163,Khafr Basi,-
955,0.77346154,Kavar and,-
956,1.1825,Gharebagh,-
957,1.01785714,Bushkan Pl,-
958,0.59083333,Mobarak Ab,-
959,0.23125,Dasht e- A,-
960,0.17791667,Ghir Karzi,-
961,0.04863636,Sief Abad,-
962,0.27836538,Meymand Aq,-
963,0.39,Neyriz Pla,-
964,0.98416667,Khir Plain,-
965,0.7847619,Estahban B,-
966,0.4525,Roniz Basi,-
967,0.88605769,Eij Basin,-
968,0.55,Darkoye an,-
969,0.56711806,Abadeh Tas,-
970,0.63,Fasa Basin,-
971,0.22022321,Gareh-Bygo,-
972,0.495,Khosuye-Ha,-
973,0.13291667,Izad Khast,-
974,0.3353125,Javim Bana,-
975,0.75169872,Kavir Qatr,-
976,0.066875,Qatruiyeh,-
977,0.02178571,Mehraban P,-
978,1.716875,Orzooiyeh,-
979,0.74424679,Marveshkan,-
980,0.32,Lash Basin,-
981,0.199,Northern S,Saurashtra
982,0.35625,Southern S,Saurashtra
983,0.204375,Porbander,Saurashtra
984,0.31142857,Coastal Sa,-
985,0.065,Southern M,Malabar Co
1401,0.15523,Indian Wel,-
986,0.040625,Southern M,Malabar Co
987,0.10857143,Kozhikkode,Malabar Co
988,0.066,Kerala Ter,Malabar Co
1402,-0.17721952,Rose Valle,-
989,0.07486111,Central Ke,Malabar Co
990,0.124,Central Ma,Malabar Co
991,0.09404762,Northern M,Malabar Co
992,0.07333333,Southern C,Coromandel
993,0.35180556,Southern C,Coromandel
994,0.20458333,Southcentr,Coromandel
995,0.12966667,Tiruvadana,Coromandel
996,0.17,Southern C,Coromandel
997,0.16071429,Northern C,Coromandel
998,0.17395833,Central Co,Coromandel
999,0.162125,Chennai Co,Coromandel
1000,0.275,Northcentr,Coromandel
1001,0.17366667,Northcentr,Coromandel
1002,0.22151736,Namakkal F,Coimbatore
1003,0.42625,Northwest,Coimbatore
1004,0.18928571,Southern C,Coimbatore
1403,0.10658231,Kern River,-
1005,0.24340278,Palakkad G,-
1404,0.100965,Walker Bas,-
1006,0.37071429,Dindigul F,-
1007,0.26125,Theni Frac,-
1008,0.17,Southern D,Deccan Pla
1009,0.16833333,Southcentr,Deccan Pla
1010,0.08305556,Eastern De,Deccan Pla
1133,0.13641369,Central Pi,Pilbara Cr
1011,0.2296875,Northcentr,Deccan Pla
1134,0.09875,Lower Fort,Hamersley
1012,-0.00375,Northweste,Deccan Pla
1135,0.15,Ti Tree Ba,-
1014,-0.029,Southern M,Malwa Plat
1015,0.003375,Eastern Ma,Malwa Plat
1016,-0.09555556,Northweste,Malwa Plat
1017,0.01928571,Western Am,Amarkantak
1018,0.01625,Eastern Am,Amarkantak
1019,0.03059524,Central Am,Amarkantak
1020,0.00642857,Western Sa,Satpura Ba
1021,0.15309524,Eastern Sa,Satpura Ba
1022,0.13396825,Western Ta,Tapi Valle
1023,0.12164683,Eastern Ta,Tapi Valle
1024,0.06527083,Chittagong,-
1025,1.14708333,Southern N,Cuddapah S
1026,0.655,Central Na,Cuddapah S
1027,0.3175,Northern N,Cuddapah S
1028,0.556875,Papaghni B,Cuddapah S
1029,0.22714286,Kurnool Ba,Cuddapah S
1030,0.41,Srisailam,Cuddapah S
1031,0.27222222,Northweste,-
1032,0.317,Western Ka,-
1033,0.1945,Western Ka,-
1034,-0.00888889,Bhuj Sands,-
1405,0.00723875,Long Valle,-
1035,0.17388889,Central Ka,Kachchh Co
1406,0.001828,Bridgeport,-
1036,0.034375,Western Ka,Kachchh Co
1037,0.103,Eastern Ka,Kachchh Co
1038,0.10578571,Northern D,Dharwar Cr
1039,0.175,Central Dh,Dharwar Cr
1407,0.0762,Long Valle,-
1040,0.18625,Southern D,Dharwar Cr
1041,0.24375,Upper Cauv,Dharwar Cr
1042,0.16592857,Trans Gang,Indo-Gange
1136,0.01458333,Lower Gasc,-
1043,0.04888889,Upper Gang,Indo-Gange
1044,0.0525,Middle Gan,Indo-Gange
1045,0.0835,Western Br,Brahmaputr
1137,-7.2917E-4,Uley Basin,Eucla Basi
1046,0.04244643,Northern P,Bengal Bas
1047,0.131625,Barind Tra,Bengal Bas
1048,0.081475,Sylhet Bas,Bengal Bas
1049,0.07937624,Madhupur T,Bengal Bas
1408,-0.01311078,Palen and,-
1050,0.07603333,Southcentr,Bengal Bas
1409,-0.04963947,Eastern Ar,-
1410,0.04690333,Eastern Sa,-
1051,0.0174625,Sundarbans,Bengal Bas
1411,0.0186675,Coyote Wel,-
1412,0.03695688,Jacumba Va,-
1052,0.006,Southweste,Bengal Bas
1413,0.008636,El Cajon V,-
1053,0.275,Western Be,Bengal Bas
1054,0.037,Southeaste,Bengal Bas
1055,-0.06322786,Rechna Doa,Indus Basi
1414,-0.008001,Poway Vall,-
1056,-0.04550773,Chaj Doab,Indus Basi
1057,-0.02163214,Thal Doab,Indus Basi
1058,0.124715,Bari Doab,Indus Basi
1059,-0.0348615,Eastside L,Indus Basi
1060,-0.01262743,Westside M,Indus Basi
1061,-0.061722,Eastside M,Indus Basi
1415,0.00824593,Escondido,-
1062,1.68207143,Northwest,Malwa Plat
1063,-0.39535714,Eastern Ma,Malwa Plat
1064,-0.22833333,Malwa Plat,Malwa Plat
1065,0.01333333,Western Ca,Cambay Bas
1066,0.04857143,Central Ca,Cambay Bas
1067,0.11333333,Eastern Ca,Cambay Bas
1068,0.05571429,Southern H,Chhattisga
1069,0.095625,Northern H,Chhattisga
1070,0.06319444,Baradwar B,Chhattisga
1071,0.1325,Mahanadi D,Utkal Coas
1072,0.13579365,Brahmani D,Utkal Coas
1073,-0.058125,Eastern Vi,-
1074,0.02996032,North Rewa,Son-Mahand
1075,-0.00333333,South Rewa,Son-Mahand
1076,0.08875,Hasdo-Aran,Son-Mahand
1077,0.128125,Mahanadi B,Son-Mahand
1078,0.03111111,Hirakud Co,-
1079,-0.2406369,Mulgildie,Great Arte
1080,0.02267857,Clarence-M,Great Arte
1081,-0.05125,Laidley Su,Great Arte
1082,0.10791667,Coonamble,Great Arte
1083,0.04213889,Southeaste,Great Arte
1084,-0.00930952,Western Su,Great Arte
1085,0.0,Roma Shelf,Great Arte
1086,0.00153846,Mimosa Syn,Great Arte
1087,0.01589286,Arckaringa,Great Arte
1088,-0.55375,Lake Frome,Great Arte
1089,0.035,Poolowanna,Great Arte
1090,-0.02402778,Central Er,Great Arte
1416,0.1544955,Warner Val,-
1091,-0.01833333,Eastern Er,Great Arte
1092,-0.08528846,Northern E,Great Arte
1093,0.02522727,Southern C,Great Arte
1417,0.04503709,Santa Mari,-
1094,-0.07733333,Staten Riv,Great Arte
1418,1.14469333,San Pasqua,-
1095,-0.04616071,Weipa Depr,Great Arte
1096,0.03484375,Western Ri,Murray Bas
1419,0.03048837,Santa Marg,-
1097,0.10057143,Southern R,Murray Bas
1098,0.06466667,Eastern Ri,Murray Bas
1099,0.1370098,Northern R,Murray Bas
1138,0.00525174,Southeaste,Eucla Basi
1100,0.02065931,Ivanhoe Pl,Murray Bas
1101,-0.01215385,Northern M,Murray Bas
1102,0.00758333,Central Ma,Murray Bas
1139,0.00166667,Polda Basi,Eucla Basi
1103,0.02766667,Southern M,Murray Bas
1104,0.011625,Wimmera Pl,Murray Bas
1105,0.02555556,Lower Lime,Murray Bas
1106,-0.01602381,Angas-Brem,Murray Bas
1107,-3.048E-4,Leadville,-
1108,0.2339325,Piceance B,-
1420,0.08134375,San Luis R,-
1109,0.02851645,Northern S,Perth Basi
1110,0.06,Gnangara M,Perth Basi
1421,0.030099,Temecula V,-
1111,0.05089744,Northcentr,Perth Basi
1422,0.18288017,Eastern El,-
1112,-0.11111111,Arrowsmith,Perth Basi
1113,0.034,Central Pe,Perth Basi
1423,0.17424429,Western El,-
1114,0.01388889,Myalup and,Perth Basi
1424,0.15954388,Bedford-Co,-
1115,0.02871429,Southern S,Perth Basi
1116,0.06339216,Scott Coas,-
1117,0.08055556,Western Bl,-
1118,0.02744048,Gambier Em,Otway Basi
1119,0.03697917,Central Ot,Otway Basi
1120,0.03143201,Eastern Ot,Otway Basi
1425,0.03539783,San Juan V,-
1121,0.04292857,Western Po,-
1122,0.02075,Lochiel Lo,St Vincent
1123,0.04285714,Northern S,St Vincent
1124,0.07535714,Western St,St Vincent
1125,0.06851504,Willunga a,St Vincent
1126,-0.00675,Central Ad,St Vincent
1127,-0.02625,Northern A,St Vincent
1140,-0.02188187,Central Eu,Eucla Basi
1141,0.25541667,Missionary,Amadeus Ba
1142,0.4421875,Southeaste,Amadeus Ba
1143,0.11076923,Daly Basin,Daly-Wiso-
1426,0.148844,Cahuilla V,-
1427,-0.02057385,Terwillige,-
1144,0.10416667,Northern G,Daly-Wiso-
1145,-0.22,Wiso Basin,Daly-Wiso-
1146,-0.08,Biloela Ba,-
1428,0.006096,Thousand O,-
1147,0.0,Sydney Bas,-
1148,0.049,Gunnedah B,-
1149,0.01026282,Latrobe Va,Gippsland
1150,0.025375,Eastern Gi,Gippsland
1151,0.03,Seaspray R,Gippsland
1152,-0.05,Howard Eas,-
1153,0.01444444,Longford T,-
1154,-0.0025,Uitenhage,-
1155,0.054375,Cape Flats,-
1156,0.03,Atlantis A,-
1157,0.01875,Southweste,-
1158,0.01583333,Hermanus C,-
1159,0.00375,Elandsbaai,-
1160,-0.02638889,Southern N,Namaqualan
1161,0.07,Stilbaai C,-
1162,0.14215278,Saint Fran,-
1163,0.02013542,Western Sa,-
1429,0.03874655,Conejo Bas,-
1164,0.05863636,Stampriet,-
1165,-0.07831597,Tuli Karoo,-
1430,0.00338447,Simi Valle,-
1166,0.11572917,Southcentr,Main Karoo
1167,0.04961538,Western Ka,Main Karoo
1168,-0.00464286,Central Ka,Main Karoo
1169,0.23453125,Southeaste,Main Karoo
1170,0.01696429,Eastern Ka,Main Karoo
1171,-0.04622024,Northeaste,Main Karoo
1172,0.124375,Northern K,Main Karoo
1173,0.019,Oropesa Pl,-
1174,0.00416667,Southern Z,-
1175,0.14547619,Southern M,Maputaland
1176,0.23861111,Central Ma,Maputaland
1177,0.23625,Northern M,Maputaland
1178,0.07,Springbok,-
1179,0.03445238,Ghaap Plat,-
1180,0.28375,Pomfret-Ve,-
1181,0.145,North West,-
1182,0.01844375,Central Ca,-
1183,-5.119E-4,Northern C,-
1184,-0.0075,Southern C,-
1185,0.00121701,Ashland Fl,-
1186,0.02714286,Kaikoura P,-
1187,0.054,Waipara Al,-
1188,0.24378077,Central Cu,Culverden
1189,-0.0975,Southern C,Culverden
1190,0.10875,Northern C,Culverden
1191,0.06861111,Aveiro Qua,-
1192,0.024375,Benkersand,-
1193,-0.10055556,Bonifacio,-
1194,0.01114211,Central Bo,Bohemian C
1195,0.01263889,Eastern Bo,Bohemian C
1196,0.01068182,Northweste,Bohemian C
1197,0.00216557,Southweste,Bohemian C
1198,0.01346893,Southern B,Bohemian C
1199,0.0115,Cheb Basin,-
1200,0.0085307,Pilsen Bas,-
1201,0.005,Manetin Ba,-
1570,-0.16462121,Vega de Gr,-
1202,0.0,Kladno-Rak,-
1203,0.01644196,Trebon Bas,-
1204,0.00816964,Upper Moro,-
1571,2.3925,Fuente-de-,-
1205,0.01848214,Lower Moro,-
1572,-0.11142857,Tajuna-Mon,-
1206,0.06375,Central Vi,Vienna Bas
1207,0.01317262,Southern V,Vienna Bas
1208,0.074375,Northern V,Vienna Bas
1209,0.00533333,Odra Gate,-
1210,0.01484037,Otava and,-
1211,-0.06545455,Dumfries B,-
1212,0.04729167,Yorkshire,-
1213,0.05966667,Lincolnshi,-
1214,0.1,Norfolk Ch,Chalk Aqui
1215,0.22257576,Thames Val,Chalk Aqui
1216,0.24666667,Hertfordsh,Chalk Aqui
1217,-0.12138889,Southern D,Chalk Aqui
1218,-0.04475,Southern C,Chalk Aqui
1219,0.52573529,Salisbury,Chalk Aqui
1573,-0.02321429,Southern G,-
1220,0.03808333,Kristianst,-
1221,0.09428571,Limpopo Pl,-
1222,0.2905,Letaba Low,-
1223,-0.156875,Bangkok Ba,Lower Chao
1224,-0.05272727,Southeast,Lower Chao
1225,0.33285714,Middle Cha,-
1226,0.13568182,Southwest,Rayong Bas
1227,0.04750852,Coastal Ra,Rayong Bas
1574,-0.06070455,Eastern Gu,-
1228,0.0143006,Northern R,Rayong Bas
1229,0.27262238,Southweste,Khorat Pla
1230,0.015,Northern K,Khorat Pla
1231,-0.02560211,Palo Verde,Blythe Bas
1232,-0.01455425,Parker Val,Blythe Bas
1233,-0.014,Pingtung P,-
1234,0.08426471,South Chia,Chianan Pl
1235,0.04102273,North Chia,Chianan Pl
1236,0.02,Taichung C,Taichung B
1237,-0.11333333,Northern T,Taichung B
1238,-0.006125,Southern T,Taichung B
1239,-0.005,Houlong Al,Hsinchu-Mi
1242,0.05909722,Taoyuan-Ch,-
1243,0.13051786,Taipei Bas,-
1244,-0.00292857,Lanyang Pl,-
1245,0.05830357,Choshui Al,-
1246,-5.0E-4,Hengchun P,-
1247,-0.12372078,Northern H,Hualien-Ta
1248,-0.045,Northcentr,Hualien-Ta
1249,-0.1965,Southcentr,Hualien-Ta
1250,-0.1412197,Southern H,Hualien-Ta
1251,0.35666667,Cuauhtemoc,-
1252,0.02062305,Mesilla-Co,-
1253,0.31,Guerrero-Y,-
1254,-0.02845833,San Felipe,-
1255,-0.25595238,Lampazos V,-
1256,-1.59444444,Campo Mina,-
1257,-0.08125,Guadiana V,-
1258,-0.07326389,Canatlan V,-
1259,0.01125,Laguna de,-
1260,0.19114583,Loreto Aqu,-
1261,0.04633523,Western Vi,-
1262,0.2546875,Eastern Vi,-
1263,0.59,La Blanca,-
1264,0.50604167,Chupaderos,-
1265,0.3646875,Ojocalient,-
1266,0.34384615,Navidad-Po,-
1267,0.2321875,Southern G,-
1268,0.036875,Northern G,-
1269,0.16225,El Salvado,-
1270,0.10769231,Puerto Mad,-
1271,0.42,Aguanaval,-
1272,0.17465278,Abrego Aqu,-
1273,-0.11458333,Sabinas Aq,-
1274,0.03857143,Sain Alto,-
1275,-0.19458333,Hidalgo Aq,-
1276,-0.01388889,Western El,-
1277,0.26561111,Eastern El,-
1278,-0.06363782,Guadalupe,-
1279,-0.04291964,El Cardito,-
1280,0.940625,Cienega Pr,-
1281,0.23720833,Salvatierr,-
1282,0.0774256,Tlaltenang,-
1283,0.09783333,Northern J,-
1284,0.00111111,Southern J,-
1285,0.18333333,Villanueva,-
1286,0.47166667,Jerez Aqui,-
1287,0.34857143,Valparaiso,-
1288,-0.02666667,Zacatepec,-
1289,0.00958333,Tecolutla,-
1290,-0.021336,Ojai Basin,-
1291,-0.398,Nochixtlan,-
1292,0.06857143,Miahuatlan,-
1293,-0.09,Rio Baluar,-
1294,0.04475,Rio Elota,-
1295,0.054,Eastern La,-
1296,-0.2425,Western La,-
1297,-0.05229167,Jamiltepec,-
1298,-0.26,Chachaua A,-
1299,-0.04330769,San Marcos,-
1300,-0.01708333,San Bruno,-
1301,-0.028125,San Lucas,-
1302,0.19363636,Mid-Waitak,-
1303,0.01391026,Lower Wait,-
1304,-0.14645833,Logar Aqui,Kabul Basi
1305,0.72608333,Central Ka,Kabul Basi
1575,0.06666667,Upper Thra,-
1306,1.25E-4,Deh Sabz B,Kabul Basi
1307,-0.32,Shomali Ba,Kabul Basi
1308,0.16333333,Darulaman-,Kabul Basi
1309,-0.01363636,San Jose d,-
1310,-0.124,Sabinas Pa,-
1311,-0.05910044,Bajo Rio B,-
1312,-0.02642857,Mendez - S,-
1313,-0.18571429,Vicente Gu,-
1314,8.3333E-4,Rio Piaxtl,-
1315,-0.015,Rio Presid,-
1316,0.19508929,Valle de E,-
1317,0.063,Rio Canas,-
1318,0.525,Vanegas-Ca,-
1319,0.13125,Villa de A,-
1320,0.03729167,Perote-Zal,-
1321,0.17784722,Northeaste,Libres-Ori
1322,0.21571429,Eastern Li,Libres-Ori
1323,-0.049375,Huatulco A,-
1324,0.0181356,Dixie Vall,-
1325,-0.03524238,Virgin Riv,-
1326,0.01143,Dugway-Gov,-
1327,0.005486,Smoke Cree,-
1328,0.01436857,Hot Creek,-
1329,0.02899538,Stone Cabi,-
1330,-0.12005733,Lower Mead,-
1331,0.0,Ralston Va,-
1332,0.060025,Goshute Va,-
1333,0.0085725,Tule Valle,-
1334,0.03148013,Kobeh Vall,-
1335,0.00357459,Sarcobatus,-
1336,0.00218427,Skull Vall,-
1337,0.01246025,Southern B,-
1338,-0.03752762,Pine Valle,-
1339,0.274825,Penoyer Va,-
1340,0.00456929,Gold Flat,-
1341,0.00587349,Fish Sprin,-
1342,-0.0785,Northern T,-
1343,0.01607273,Wah Wah Va,-
1344,0.06121417,Southern R,-
1345,0.0209,Smith Cree,-
1346,-0.057405,Duck Lake,-
1347,-7.1133E-4,Lida Valle,-
1348,0.06873403,Hawthorne,-
1349,0.008128,Grouse Cre,-
1350,0.03644917,Ivanpah Va,-
1351,-1.9075E-4,Mud Meadow,-
1352,-2.5E-4,Garden Bas,-
1353,8.7086E-4,Pilot Vall,-
1354,-0.00390091,Lower Amar,-
1355,-0.09084667,Coal Valle,-
1356,0.0121875,Frenchman,-
1357,0.23012563,Long Valle,-
1358,0.246584,Edwards Cr,-
1359,0.001715,Cactus Fla,-
1360,0.00863667,Promontory,-
1361,-0.04648,Southern T,-
1362,-1.7941E-4,Columbus S,-
1363,-0.07617214,Cave Valle,-
1364,-0.1524,Hualapai F,-
1365,0.041175,California,-
1366,-0.02104083,Yucca Flat,-
1367,0.06131567,San Emidio,-
1368,0.00559984,Antelope V,-
1369,0.01036175,Hansel and,-
1370,0.03670275,Blue Creek,-
1371,0.00822873,Sink Valle,-
1372,-0.01734118,Mercury Va,-
1373,0.044196,Chicago Va,-
1374,0.03430833,Muddy Rive,-
1375,0.02411976,Truckee Me,-
1376,-0.007747,Western Wa,-
1377,-0.7094225,Eastern Wa,-
1378,-0.00101667,Long Valle,-
1379,0.0133157,Socorro Ba,-
1380,-0.02210657,Engle Basi,-
1381,-0.02399655,Palomas Ba,-
1382,0.03583806,Las Vegas,-
1383,-0.00484909,Flint Hill,Osage Cues
1384,0.07262041,Osage Plai,Osage Cues
1385,0.0856488,Gypsum Hil,-
1431,0.05382754,San Fernan,-
1432,0.17155857,Western Sa,San Gabrie
1576,0.01475,Dublin Bas,-
1433,0.07493,Eastern Sa,San Gabrie
1434,0.05195455,Southern S,San Gabrie
1435,0.06125653,Raymond Ba,-
1577,0.10879167,Mangaluru,-
1436,0.15129164,Eastern Sa,-
1437,-0.02215811,Pajaro Val,-
1438,-0.00484199,Santa Cruz,-
1439,0.03496764,Half Moon,-
1440,0.015494,Livermore,-
1441,0.0034544,San Ramon,-
1442,0.009906,Ygnacio Va,-
1443,0.021336,Clayton Ba,-
1444,-0.00104775,Pittsburg,-
1445,0.00809897,Petaluma V,-
1446,0.014732,Sonoma Val,-
1447,0.09248792,Kenwood Va,-
1448,0.00336239,East Bay P,-
1449,0.01045029,San Mateo,-
1450,0.010668,Niles Cone,-
1451,0.088773,North San,Gilroy-Hol
1452,0.03243943,Llagas Are,Gilroy-Hol
1453,0.13546667,Panoche Va,-
1454,0.56672467,Pleasant V,-
1455,0.37033333,Northern K,-
1456,0.432308,Southern K,-
1457,0.02068286,Big Valley,-
1458,-0.0031242,Scotts Val,-
1459,-5.2251E-4,Ukiah Vall,-
1460,0.07398327,Anderson V,-
1461,0.06075363,Covelo Rou,-
1462,0.011176,Little Lak,-
1463,-0.0086868,Fort Bragg,-
1464,1.17565714,White Wolf,Tulare Bas
1465,0.60325333,Southern K,Tulare Bas
1466,0.3271525,Antelope P,Tulare Bas
1467,0.9934575,Northern K,Tulare Bas
1468,0.80357563,Tule Basin,Tulare Bas
1469,0.878332,Kaweah Bas,Tulare Bas
1470,0.44021375,Tulare Lak,Tulare Bas
1471,0.64101996,Westside B,Tulare Bas
1472,0.48897556,Kings Basi,Tulare Bas
1473,0.69224227,Madera Bas,San Joaqui
1474,0.39804452,Merced Bas,San Joaqui
1475,0.08007367,Modesto Ba,San Joaqui
1476,0.11797907,Cosumnes B,San Joaqui
1477,0.0508,Delta-Mend,San Joaqui
1478,0.02286,Tracy Basi,San Joaqui
1479,-0.0507365,Eastern Sa,San Joaqui
1480,0.16764,Turlock Ba,San Joaqui
1481,1.01756308,Chowchilla,San Joaqui
1482,0.01995055,East Contr,San Joaqui
1483,0.03545114,Solano Bas,Sacramento
1484,0.01246909,North Yuba,Sacramento
1485,0.1662352,Vina Basin,Sacramento
1486,-0.05611858,South Amer,Sacramento
1487,0.01591567,South Yuba,Sacramento
1488,0.0648589,Central Co,Sacramento
1489,0.31242,Northern C,Sacramento
1490,0.018288,Southern C,Sacramento
1491,0.06096,Wyandotte,Sacramento
1492,0.02612571,Butte Basi,Sacramento
1493,0.004572,North Amer,Sacramento
1494,0.05075382,Yolo Basin,Sacramento
1495,0.03002973,Eastern Su,Sacramento
1496,0.0203835,Western Su,Sacramento
1497,0.07271892,Red Bluff,Sacramento
1498,0.17052925,Antelope B,Sacramento
1499,0.32385156,Corning Ba,Sacramento
1500,0.1183005,Los Molino,Sacramento
1501,0.05499083,Santa Moni,Los Angele
1502,0.04478892,Hollywood,Los Angele
1503,0.124587,Central Ba,Los Angele
1504,-0.01862667,West Coast,Los Angele
1505,2.2316E-4,Orange Cou,Los Angele
1506,-0.05375,Oak Ridges,-
1507,0.0707136,Black Warr,-
1508,0.14086143,Southern G,-
1509,0.00775305,South Fork,-
1510,0.49471385,Alturas Wa,-
1511,0.009525,Big Valley,-
1512,0.01001486,Fall River,-
1513,-0.22352,Madeline P,-
1514,0.0170688,Willow Cre,-
1515,0.51760582,Secret Val,-
1516,0.075438,Chino Basi,Upper Sant
1517,0.476377,San Bernar,Upper Sant
1518,0.09862057,Riverside-,Upper Sant
1519,0.14859,Temescal B,Upper Sant
1520,-0.202845,Yucaipa Ba,-
1521,0.09707667,San Timote,-
1522,0.28461538,Poza Rica,-
1523,0.00339286,Lower Rio,Rio Paz Aq
1524,-0.01477679,Sonsonate,-
1525,0.08729167,Cara Sucia,-
1526,-0.06291667,Western Sa,Salvadoran
1527,0.03875,Eastern Sa,Salvadoran
1528,0.129,Zapotitan,-
1529,-0.03,Santa Ana,-
1530,0.03523129,Presidio-R,-
1531,0.08812771,Red River,-
1532,0.0329085,Southern M,Mekong Del
1533,0.1227399,Eastern Me,Mekong Del
1534,-0.00846667,Ha Tinh Co,-
1535,-0.03625,Osaka Plai,-
1536,-0.0275,Nara Basin,-
1537,-0.03792857,Kyoto Basi,-
1538,-0.01333333,Kinokawa V,-
1539,-0.01166667,Yoshino Ba,-
1540,-0.00177083,Shigenobu-,-
1541,-0.20904223,Western Ch,Chikugo-Sa
1542,-0.06658093,Central Ch,Chikugo-Sa
1543,-0.01655952,Toyooka Ba,-
1544,-0.00916667,West-centr,Kanto Plai
1545,0.01958333,Northweste,Kanto Plai
1546,-0.0055625,Hiroshima,-
1547,-0.10708333,Kuzuryu Ba,-
1548,-9.1667E-4,Tedori All,-
1549,-0.06348214,Sendai Riv,-
1550,0.016125,Asahikawa,-
1551,-0.0185,Limmat Val,-
1552,0.167,Wiggertal,-
1553,-0.00120833,North Seel,-
1554,0.01164547,Middle-Upp,Baltic Art
1555,0.00142857,Western Fo,-
1556,-0.13733333,Southern M,-
1557,0.06833333,Geer Basin,-
1558,0.01722222,Mons Sedim,-
1559,0.07625,Brussels S,-
1560,0.0225,Tournaisis,-
1561,-0.13034028,Bierzo Bas,-
1562,-0.00470833,Xinzo de L,-
1563,0.10441667,Tietar Val,-
1564,-0.5765625,Moraleja A,-
1565,-0.05625,Galisteo A,-
1566,0.004375,Vitoria-Ga,-
1567,0.02866071,Roussillon,-
1578,0.13833333,Central Co,-
1579,0.05,Southern C,-
1580,0.014,Lyonnais a,-
1581,0.03314394,Dauphine M,-
1582,-0.00534632,Oja Alluvi,-
1583,-0.00125,Lillo-Quin,-
1584,0.02427083,Consuegra-,-
1585,0.0025,Tejo Alluv,-
1586,-0.21077381,Campina de,-
1587,-0.375,Ayamonte-H,-
1588,0.01607143,Western Do,-
1589,0.00647687,Ryan Flat,Salt Basin
1590,0.598932,Lobo Flat,Salt Basin
1591,0.19152938,Wild Horse,Salt Basin
1592,0.03048,Northern H,-
1593,-0.14966769,Lipan Flat,-
1594,-0.00380952,West Jutla,-
1595,-0.013625,West Zeala,-
1596,-0.022,Northeast,-
1597,0.038,Djursland,-
1598,0.02859375,Marana-Cas,-
1599,0.14909091,Lhasa Vall,-
1600,0.09298864,Lampang Ba,-
1601,-0.04682692,Northern P,-
1602,-0.06309028,Burdekin D,-
1603,0.17444444,Lachlan Al,-
1604,0.8265625,Semirom Ba,-
1605,1.19625,Eastern Lo,Lordegan B
1606,0.55171875,Western Lo,Lordegan B
1607,1.76818182,Eastern Ko,Kome Basin
1608,0.41985714,Western Ko,Kome Basin
1609,0.36944444,Deh Bid Ba,-
1610,1.72916667,Western Fa,-
1611,0.45,Eastern Fa,-
1612,1.17375,Deh Kahan,-
1613,0.35392857,Shah Gheyb,-
1614,0.24,Upper Rust,-
1615,0.58833333,Dezhgah-Ko,-
1616,0.29601136,Chahghah B,-
1617,0.50291667,Baghan Bas,-
1618,0.1725,Khane Ket,-
1619,2.68,Baladeh Ba,-
1620,0.15508333,Sidon Basi,-
1621,0.02313988,Dalon Basi,-
1622,-0.13916667,Lishtar Ba,-
1623,0.26454545,Takht Dera,-
1624,0.738125,Reyosh Bas,-
1625,0.436875,Yengejeh B,-
1626,0.19875,Daryache N,-
1627,-0.01,Shiramin B,-
1628,-0.01136553,Tafresh Ba,-
1629,0.08,Kouhbanan,-
1630,0.43665865,Islam Abad,-
1631,-0.00343242,Northern G,-
1632,0.02527778,Matanza-Ri,-
1633,0.48575,Vanrhynsdo,-
1634,0.35671181,Gandoman-B,-
1635,0.08891667,Pirie Basi,-
1636,0.08471861,Willchra B,-
1637,0.04283333,Booborowie,-
1638,-0.08574449,Don River,-
1639,-0.03045455,Proserpine,-
1640,-0.011,Lower Herb,-
1641,-0.00836806,Mulgrave A,-
1642,-0.08625,Arriga Fla,-
1643,0.08255952,Ivanhoe an,-
1644,-0.271875,Weaber Pla,-
1645,-0.345625,Knox Creek,-
1646,-0.05375,Keep River,-
1647,0.05,Mantinea F,-
1648,-0.01734094,Carmel Val,-
1649,-0.03130062,Tahoe Vall,-
1650,-0.00413657,Smith Rive,-
1651,0.00925,Astian Aqu,-
1652,-0.015,Grande Ter,-
1653,-0.06331597,Rheintal A,-
1654,-0.0401875,Ljubljana,Ljubljana
1655,-0.04008333,Ljubljana,Ljubljana
1656,-0.0325,Eastern Ce,Celje Basi
1657,-0.062,Eastern Is,Isonzo-Soc
1658,0.02271429,Sofia Neog,-
1659,0.02866071,Malm Valan,-
1660,0.0190625,Lom- Pleve,-
1661,0.01733333,Kazanlak K,-
1662,0.12595055,Western Na,Baoule-Mos
1663,-0.01,Grazer Fel,-
1664,0.018625,Leibnitzer,-
1665,0.02428274,Lower Mur,-
1666,-0.07833333,Krsko-Brez,-
1667,0.01267784,San Agusti,-
1668,-0.00394444,Salzburg B,-
1669,-0.003125,Northern M,Souss-Chto
1670,0.305,Lower Sous,Souss-Chto
1671,1.03784091,Central So,Souss-Chto
1672,-0.00348214,Upper Sous,Souss-Chto
1673,-0.01017228,Guelmim Ba,-
1674,0.02020833,Middle Tat,-
1675,0.0628125,Taznakht P,-
1676,0.01416667,Western Ou,-
1677,-0.17090625,Mezguita O,Middle Dra
1678,0.05111538,Tinzouline,Middle Dra
1679,-0.08925,Temata Oas,Middle Dra
1680,0.0890625,Fezouata O,Middle Dra
1681,0.06833333,Ktaoua Oas,Middle Dra
1682,0.14352273,Mhamid Oas,Middle Dra
1683,-0.18129464,Western Ga,-
1684,-0.27196181,Coastal Aq,-
1685,-0.11454545,Northern S,-
1686,0.54,Upper Beic,Huangshui
1687,-0.06636364,Nanchuan A,Huangshui
1688,0.14818182,Xinachuan,Huangshui
1689,-0.07727273,Lanzhou Va,-
1690,0.635,Wuhai Basi,-
1691,0.17465386,Pauma Vall,-
1692,-0.09454545,Golmud All,-
1693,0.18295455,Urumqi Val,Junggar Ba
